{"cameraMode":{"drawMode":0,"name":"Shaded","section":"Shading Mode"},"sceneLighting":false,"audioPlay":false,"sceneViewState":{"showFog":true,"showMaterialUpdate":false,"showSkybox":false,"showFlares":true,"showImageEffects":true,"showParticleSystems":true},"in2DMode":false,"pivot":{"x":0.00000286102294921875,"y":8.990826606750489,"z":-1.7119379043579102},"rotation":{"x":0.23111581802368165,"y":-0.5070924162864685,"z":0.1432947963476181,"w":0.8178834915161133},"size":43.121524810791019,"orthographic":true}