{"cameraMode":{"drawMode":0,"name":"Shaded","section":"Shading Mode"},"sceneLighting":false,"audioPlay":false,"sceneViewState":{"showFog":true,"showMaterialUpdate":false,"showSkybox":false,"showFlares":true,"showImageEffects":true,"showParticleSystems":true},"in2DMode":false,"pivot":{"x":-0.000001430511474609375,"y":8.88421630859375,"z":-0.040996551513671878},"rotation":{"x":0.23111581802368165,"y":-0.5070924162864685,"z":0.1432947963476181,"w":0.8178834915161133},"size":41.99471664428711,"orthographic":true}