{"cameraMode":{"drawMode":0,"name":"Shaded","section":"Shading Mode"},"sceneLighting":false,"audioPlay":false,"sceneViewState":{"showFog":true,"showMaterialUpdate":false,"showSkybox":false,"showFlares":true,"showImageEffects":true,"showParticleSystems":true},"in2DMode":false,"pivot":{"x":-0.000001430511474609375,"y":8.676620483398438,"z":-0.4181056022644043},"rotation":{"x":0.23111581802368165,"y":-0.5070924162864685,"z":0.1432947963476181,"w":0.8178834915161133},"size":40.14947509765625,"orthographic":true}