{"cameraMode":{"drawMode":0,"name":"Shaded","section":"Shading Mode"},"sceneLighting":true,"audioPlay":false,"sceneViewState":{"showFog":true,"showMaterialUpdate":false,"showSkybox":true,"showFlares":true,"showImageEffects":true,"showParticleSystems":true},"in2DMode":false,"pivot":{"x":-43.99577331542969,"y":-1.7748870849609376,"z":-129.6260986328125},"rotation":{"x":0.19391213357448579,"y":-0.7864788770675659,"z":0.30414271354675295,"w":0.5014411807060242},"size":366.8013916015625,"orthographic":false}